race,driver,quali_pos
Bahrain International Circuit,Yuki Tsunoda,16
Bahrain International Circuit,Nicholas Latifi,20
Bahrain International Circuit,Daniel Ricciardo,18
Bahrain International Circuit,Lando Norris,13
Bahrain International Circuit,Carlos Sainz,3
Bahrain International Circuit,Charles Leclerc,1
Bahrain International Circuit,Fernando Alonso,8
Bahrain International Circuit,Esteban Ocon,11
Bahrain International Circuit,Lewis Hamilton,5
Bahrain International Circuit,George Russell,9
Bahrain International Circuit,Sergio Pérez,4
Bahrain International Circuit,Max Verstappen,2
Bahrain International Circuit,Nico Hülkenberg,17
Bahrain International Circuit,Lance Stroll,19
Bahrain International Circuit,Valtteri Bottas,6
Bahrain International Circuit,Guanyu Zhou,15
Bahrain International Circuit,Kevin Magnussen,7
Bahrain International Circuit,Mick Schumacher,12
Bahrain International Circuit,Alexander Albon,14
Bahrain International Circuit,Pierre Gasly,10
Jeddah Corniche Circuit,Yuki Tsunoda,19
Jeddah Corniche Circuit,Nicholas Latifi,18
Jeddah Corniche Circuit,Daniel Ricciardo,14
Jeddah Corniche Circuit,Lando Norris,11
Jeddah Corniche Circuit,Carlos Sainz,3
Jeddah Corniche Circuit,Charles Leclerc,2
Jeddah Corniche Circuit,Fernando Alonso,7
Jeddah Corniche Circuit,Esteban Ocon,5
Jeddah Corniche Circuit,Lewis Hamilton,15
Jeddah Corniche Circuit,George Russell,6
Jeddah Corniche Circuit,Sergio Pérez,1
Jeddah Corniche Circuit,Max Verstappen,4
Jeddah Corniche Circuit,Nico Hülkenberg,17
Jeddah Corniche Circuit,Lance Stroll,13
Jeddah Corniche Circuit,Valtteri Bottas,8
Jeddah Corniche Circuit,Guanyu Zhou,12
Jeddah Corniche Circuit,Kevin Magnussen,10
Jeddah Corniche Circuit,Mick Schumacher,0
Jeddah Corniche Circuit,Alexander Albon,16
Jeddah Corniche Circuit,Pierre Gasly,9
Albert Park Grand Prix Circuit,Yuki Tsunoda,13
Albert Park Grand Prix Circuit,Nicholas Latifi,18
Albert Park Grand Prix Circuit,Daniel Ricciardo,7
Albert Park Grand Prix Circuit,Lando Norris,4
Albert Park Grand Prix Circuit,Carlos Sainz,9
Albert Park Grand Prix Circuit,Charles Leclerc,1
Albert Park Grand Prix Circuit,Fernando Alonso,10
Albert Park Grand Prix Circuit,Esteban Ocon,8
Albert Park Grand Prix Circuit,Lewis Hamilton,5
Albert Park Grand Prix Circuit,George Russell,6
Albert Park Grand Prix Circuit,Sergio Pérez,3
Albert Park Grand Prix Circuit,Max Verstappen,2
Albert Park Grand Prix Circuit,Lance Stroll,19
Albert Park Grand Prix Circuit,Valtteri Bottas,12
Albert Park Grand Prix Circuit,Guanyu Zhou,14
Albert Park Grand Prix Circuit,Kevin Magnussen,16
Albert Park Grand Prix Circuit,Mick Schumacher,15
Albert Park Grand Prix Circuit,Alexander Albon,20
Albert Park Grand Prix Circuit,Pierre Gasly,11
Albert Park Grand Prix Circuit,Sebastian Vettel,17
Autodromo Enzo e Dino Ferrari,Yuki Tsunoda,12
Autodromo Enzo e Dino Ferrari,Nicholas Latifi,19
Autodromo Enzo e Dino Ferrari,Daniel Ricciardo,6
Autodromo Enzo e Dino Ferrari,Lando Norris,5
Autodromo Enzo e Dino Ferrari,Carlos Sainz,4
Autodromo Enzo e Dino Ferrari,Charles Leclerc,2
Autodromo Enzo e Dino Ferrari,Fernando Alonso,9
Autodromo Enzo e Dino Ferrari,Esteban Ocon,16
Autodromo Enzo e Dino Ferrari,Lewis Hamilton,14
Autodromo Enzo e Dino Ferrari,George Russell,11
Autodromo Enzo e Dino Ferrari,Sergio Pérez,3
Autodromo Enzo e Dino Ferrari,Max Verstappen,1
Autodromo Enzo e Dino Ferrari,Lance Stroll,15
Autodromo Enzo e Dino Ferrari,Valtteri Bottas,7
Autodromo Enzo e Dino Ferrari,Guanyu Zhou,0
Autodromo Enzo e Dino Ferrari,Kevin Magnussen,8
Autodromo Enzo e Dino Ferrari,Mick Schumacher,10
Autodromo Enzo e Dino Ferrari,Alexander Albon,18
Autodromo Enzo e Dino Ferrari,Pierre Gasly,17
Autodromo Enzo e Dino Ferrari,Sebastian Vettel,13
Miami International Autodrome,Yuki Tsunoda,9
Miami International Autodrome,Nicholas Latifi,19
Miami International Autodrome,Daniel Ricciardo,14
Miami International Autodrome,Lando Norris,8
Miami International Autodrome,Carlos Sainz,2
Miami International Autodrome,Charles Leclerc,1
Miami International Autodrome,Fernando Alonso,11
Miami International Autodrome,Esteban Ocon,20
Miami International Autodrome,Lewis Hamilton,6
Miami International Autodrome,George Russell,12
Miami International Autodrome,Sergio Pérez,4
Miami International Autodrome,Max Verstappen,3
Miami International Autodrome,Lance Stroll,0
Miami International Autodrome,Valtteri Bottas,5
Miami International Autodrome,Guanyu Zhou,17
Miami International Autodrome,Kevin Magnussen,16
Miami International Autodrome,Mick Schumacher,15
Miami International Autodrome,Alexander Albon,18
Miami International Autodrome,Pierre Gasly,7
Miami International Autodrome,Sebastian Vettel,0
Circuit de Barcelona-Catalunya,Yuki Tsunoda,13
Circuit de Barcelona-Catalunya,Nicholas Latifi,19
Circuit de Barcelona-Catalunya,Daniel Ricciardo,9
Circuit de Barcelona-Catalunya,Lando Norris,11
Circuit de Barcelona-Catalunya,Carlos Sainz,3
Circuit de Barcelona-Catalunya,Charles Leclerc,1
Circuit de Barcelona-Catalunya,Fernando Alonso,20
Circuit de Barcelona-Catalunya,Esteban Ocon,12
Circuit de Barcelona-Catalunya,Lewis Hamilton,6
Circuit de Barcelona-Catalunya,George Russell,4
Circuit de Barcelona-Catalunya,Sergio Pérez,5
Circuit de Barcelona-Catalunya,Max Verstappen,2
Circuit de Barcelona-Catalunya,Lance Stroll,17
Circuit de Barcelona-Catalunya,Valtteri Bottas,7
Circuit de Barcelona-Catalunya,Guanyu Zhou,15
Circuit de Barcelona-Catalunya,Kevin Magnussen,8
Circuit de Barcelona-Catalunya,Mick Schumacher,10
Circuit de Barcelona-Catalunya,Alexander Albon,18
Circuit de Barcelona-Catalunya,Pierre Gasly,14
Circuit de Barcelona-Catalunya,Sebastian Vettel,16
Circuit de Monaco,Yuki Tsunoda,11
Circuit de Monaco,Nicholas Latifi,19
Circuit de Monaco,Daniel Ricciardo,14
Circuit de Monaco,Lando Norris,5
Circuit de Monaco,Carlos Sainz,2
Circuit de Monaco,Charles Leclerc,1
Circuit de Monaco,Fernando Alonso,7
Circuit de Monaco,Esteban Ocon,10
Circuit de Monaco,Lewis Hamilton,8
Circuit de Monaco,George Russell,6
Circuit de Monaco,Sergio Pérez,3
Circuit de Monaco,Max Verstappen,4
Circuit de Monaco,Lance Stroll,18
Circuit de Monaco,Valtteri Bottas,12
Circuit de Monaco,Guanyu Zhou,20
Circuit de Monaco,Kevin Magnussen,13
Circuit de Monaco,Mick Schumacher,15
Circuit de Monaco,Alexander Albon,16
Circuit de Monaco,Pierre Gasly,17
Circuit de Monaco,Sebastian Vettel,9
Baku City Circuit,Yuki Tsunoda,8
Baku City Circuit,Nicholas Latifi,18
Baku City Circuit,Daniel Ricciardo,12
Baku City Circuit,Lando Norris,11
Baku City Circuit,Carlos Sainz,4
Baku City Circuit,Charles Leclerc,1
Baku City Circuit,Fernando Alonso,10
Baku City Circuit,Esteban Ocon,13
Baku City Circuit,Lewis Hamilton,7
Baku City Circuit,George Russell,5
Baku City Circuit,Sergio Pérez,2
Baku City Circuit,Max Verstappen,3
Baku City Circuit,Lance Stroll,19
Baku City Circuit,Valtteri Bottas,15
Baku City Circuit,Guanyu Zhou,14
Baku City Circuit,Kevin Magnussen,16
Baku City Circuit,Mick Schumacher,20
Baku City Circuit,Alexander Albon,17
Baku City Circuit,Pierre Gasly,6
Baku City Circuit,Sebastian Vettel,9
Circuit Gilles Villeneuve,Yuki Tsunoda,20
Circuit Gilles Villeneuve,Nicholas Latifi,18
Circuit Gilles Villeneuve,Daniel Ricciardo,9
Circuit Gilles Villeneuve,Lando Norris,14
Circuit Gilles Villeneuve,Carlos Sainz,3
Circuit Gilles Villeneuve,Charles Leclerc,19
Circuit Gilles Villeneuve,Fernando Alonso,2
Circuit Gilles Villeneuve,Esteban Ocon,7
Circuit Gilles Villeneuve,Lewis Hamilton,4
Circuit Gilles Villeneuve,George Russell,8
Circuit Gilles Villeneuve,Sergio Pérez,13
Circuit Gilles Villeneuve,Max Verstappen,1
Circuit Gilles Villeneuve,Lance Stroll,17
Circuit Gilles Villeneuve,Valtteri Bottas,11
Circuit Gilles Villeneuve,Guanyu Zhou,10
Circuit Gilles Villeneuve,Kevin Magnussen,5
Circuit Gilles Villeneuve,Mick Schumacher,6
Circuit Gilles Villeneuve,Alexander Albon,12
Circuit Gilles Villeneuve,Pierre Gasly,15
Circuit Gilles Villeneuve,Sebastian Vettel,16
Silverstone Circuit,Yuki Tsunoda,13
Silverstone Circuit,Nicholas Latifi,10
Silverstone Circuit,Daniel Ricciardo,14
Silverstone Circuit,Lando Norris,6
Silverstone Circuit,Carlos Sainz,1
Silverstone Circuit,Charles Leclerc,3
Silverstone Circuit,Fernando Alonso,7
Silverstone Circuit,Esteban Ocon,15
Silverstone Circuit,Lewis Hamilton,5
Silverstone Circuit,George Russell,8
Silverstone Circuit,Sergio Pérez,4
Silverstone Circuit,Max Verstappen,2
Silverstone Circuit,Lance Stroll,20
Silverstone Circuit,Valtteri Bottas,12
Silverstone Circuit,Guanyu Zhou,9
Silverstone Circuit,Kevin Magnussen,17
Silverstone Circuit,Mick Schumacher,19
Silverstone Circuit,Alexander Albon,16
Silverstone Circuit,Pierre Gasly,11
Silverstone Circuit,Sebastian Vettel,18
Red Bull Ring,Yuki Tsunoda,16
Red Bull Ring,Nicholas Latifi,17
Red Bull Ring,Daniel Ricciardo,11
Red Bull Ring,Lando Norris,10
Red Bull Ring,Carlos Sainz,3
Red Bull Ring,Charles Leclerc,2
Red Bull Ring,Fernando Alonso,19
Red Bull Ring,Esteban Ocon,6
Red Bull Ring,Lewis Hamilton,8
Red Bull Ring,George Russell,4
Red Bull Ring,Sergio Pérez,5
Red Bull Ring,Max Verstappen,1
Red Bull Ring,Lance Stroll,12
Red Bull Ring,Valtteri Bottas,0
Red Bull Ring,Guanyu Zhou,13
Red Bull Ring,Kevin Magnussen,7
Red Bull Ring,Mick Schumacher,9
Red Bull Ring,Alexander Albon,15
Red Bull Ring,Pierre Gasly,14
Red Bull Ring,Sebastian Vettel,18
Circuit Paul Ricard,Yuki Tsunoda,8
Circuit Paul Ricard,Nicholas Latifi,18
Circuit Paul Ricard,Daniel Ricciardo,9
Circuit Paul Ricard,Lando Norris,5
Circuit Paul Ricard,Carlos Sainz,19
Circuit Paul Ricard,Charles Leclerc,1
Circuit Paul Ricard,Fernando Alonso,7
Circuit Paul Ricard,Esteban Ocon,10
Circuit Paul Ricard,Lewis Hamilton,4
Circuit Paul Ricard,George Russell,6
Circuit Paul Ricard,Sergio Pérez,3
Circuit Paul Ricard,Max Verstappen,2
Circuit Paul Ricard,Lance Stroll,15
Circuit Paul Ricard,Valtteri Bottas,11
Circuit Paul Ricard,Guanyu Zhou,16
Circuit Paul Ricard,Kevin Magnussen,20
Circuit Paul Ricard,Mick Schumacher,17
Circuit Paul Ricard,Alexander Albon,13
Circuit Paul Ricard,Pierre Gasly,14
Circuit Paul Ricard,Sebastian Vettel,12
Hungaroring,Yuki Tsunoda,16
Hungaroring,Nicholas Latifi,19
Hungaroring,Daniel Ricciardo,9
Hungaroring,Lando Norris,4
Hungaroring,Carlos Sainz,2
Hungaroring,Charles Leclerc,3
Hungaroring,Fernando Alonso,6
Hungaroring,Esteban Ocon,5
Hungaroring,Lewis Hamilton,7
Hungaroring,George Russell,1
Hungaroring,Sergio Pérez,11
Hungaroring,Max Verstappen,10
Hungaroring,Lance Stroll,14
Hungaroring,Valtteri Bottas,8
Hungaroring,Guanyu Zhou,12
Hungaroring,Kevin Magnussen,13
Hungaroring,Mick Schumacher,15
Hungaroring,Alexander Albon,17
Hungaroring,Pierre Gasly,0
Hungaroring,Sebastian Vettel,18
Circuit de Spa-Francorchamps,Yuki Tsunoda,0
Circuit de Spa-Francorchamps,Nicholas Latifi,11
Circuit de Spa-Francorchamps,Daniel Ricciardo,7
Circuit de Spa-Francorchamps,Lando Norris,17
Circuit de Spa-Francorchamps,Carlos Sainz,1
Circuit de Spa-Francorchamps,Charles Leclerc,15
Circuit de Spa-Francorchamps,Fernando Alonso,3
Circuit de Spa-Francorchamps,Esteban Ocon,16
Circuit de Spa-Francorchamps,Lewis Hamilton,4
Circuit de Spa-Francorchamps,George Russell,5
Circuit de Spa-Francorchamps,Sergio Pérez,2
Circuit de Spa-Francorchamps,Max Verstappen,14
Circuit de Spa-Francorchamps,Lance Stroll,9
Circuit de Spa-Francorchamps,Valtteri Bottas,13
Circuit de Spa-Francorchamps,Guanyu Zhou,18
Circuit de Spa-Francorchamps,Kevin Magnussen,12
Circuit de Spa-Francorchamps,Mick Schumacher,19
Circuit de Spa-Francorchamps,Alexander Albon,6
Circuit de Spa-Francorchamps,Pierre Gasly,0
Circuit de Spa-Francorchamps,Sebastian Vettel,10
Circuit Park Zandvoort,Yuki Tsunoda,9
Circuit Park Zandvoort,Nicholas Latifi,20
Circuit Park Zandvoort,Daniel Ricciardo,17
Circuit Park Zandvoort,Lando Norris,7
Circuit Park Zandvoort,Carlos Sainz,3
Circuit Park Zandvoort,Charles Leclerc,2
Circuit Park Zandvoort,Fernando Alonso,13
Circuit Park Zandvoort,Esteban Ocon,12
Circuit Park Zandvoort,Lewis Hamilton,4
Circuit Park Zandvoort,George Russell,6
Circuit Park Zandvoort,Sergio Pérez,5
Circuit Park Zandvoort,Max Verstappen,1
Circuit Park Zandvoort,Lance Stroll,10
Circuit Park Zandvoort,Valtteri Bottas,16
Circuit Park Zandvoort,Guanyu Zhou,14
Circuit Park Zandvoort,Kevin Magnussen,18
Circuit Park Zandvoort,Mick Schumacher,8
Circuit Park Zandvoort,Alexander Albon,15
Circuit Park Zandvoort,Pierre Gasly,11
Circuit Park Zandvoort,Sebastian Vettel,19
Autodromo Nazionale di Monza,Yuki Tsunoda,20
Autodromo Nazionale di Monza,Nicholas Latifi,10
Autodromo Nazionale di Monza,Daniel Ricciardo,4
Autodromo Nazionale di Monza,Lando Norris,3
Autodromo Nazionale di Monza,Carlos Sainz,18
Autodromo Nazionale di Monza,Charles Leclerc,1
Autodromo Nazionale di Monza,Fernando Alonso,6
Autodromo Nazionale di Monza,Esteban Ocon,14
Autodromo Nazionale di Monza,Lewis Hamilton,19
Autodromo Nazionale di Monza,George Russell,2
Autodromo Nazionale di Monza,Sergio Pérez,13
Autodromo Nazionale di Monza,Max Verstappen,7
Autodromo Nazionale di Monza,Lance Stroll,12
Autodromo Nazionale di Monza,Valtteri Bottas,15
Autodromo Nazionale di Monza,Guanyu Zhou,9
Autodromo Nazionale di Monza,Kevin Magnussen,16
Autodromo Nazionale di Monza,Mick Schumacher,17
Autodromo Nazionale di Monza,Pierre Gasly,5
Autodromo Nazionale di Monza,Sebastian Vettel,11
Autodromo Nazionale di Monza,Nyck de Vries,8
Marina Bay Street Circuit,Yuki Tsunoda,10
Marina Bay Street Circuit,Nicholas Latifi,19
Marina Bay Street Circuit,Daniel Ricciardo,16
Marina Bay Street Circuit,Lando Norris,6
Marina Bay Street Circuit,Carlos Sainz,4
Marina Bay Street Circuit,Charles Leclerc,1
Marina Bay Street Circuit,Fernando Alonso,5
Marina Bay Street Circuit,Esteban Ocon,17
Marina Bay Street Circuit,Lewis Hamilton,3
Marina Bay Street Circuit,George Russell,0
Marina Bay Street Circuit,Sergio Pérez,2
Marina Bay Street Circuit,Max Verstappen,8
Marina Bay Street Circuit,Lance Stroll,11
Marina Bay Street Circuit,Valtteri Bottas,15
Marina Bay Street Circuit,Guanyu Zhou,14
Marina Bay Street Circuit,Kevin Magnussen,9
Marina Bay Street Circuit,Mick Schumacher,12
Marina Bay Street Circuit,Alexander Albon,18
Marina Bay Street Circuit,Pierre Gasly,7
Marina Bay Street Circuit,Sebastian Vettel,13
Suzuka Circuit,Yuki Tsunoda,13
Suzuka Circuit,Nicholas Latifi,20
Suzuka Circuit,Daniel Ricciardo,11
Suzuka Circuit,Lando Norris,10
Suzuka Circuit,Carlos Sainz,3
Suzuka Circuit,Charles Leclerc,2
Suzuka Circuit,Fernando Alonso,7
Suzuka Circuit,Esteban Ocon,5
Suzuka Circuit,Lewis Hamilton,6
Suzuka Circuit,George Russell,8
Suzuka Circuit,Sergio Pérez,4
Suzuka Circuit,Max Verstappen,1
Suzuka Circuit,Lance Stroll,19
Suzuka Circuit,Valtteri Bottas,12
Suzuka Circuit,Guanyu Zhou,14
Suzuka Circuit,Kevin Magnussen,18
Suzuka Circuit,Mick Schumacher,15
Suzuka Circuit,Alexander Albon,16
Suzuka Circuit,Pierre Gasly,17
Suzuka Circuit,Sebastian Vettel,9
Circuit of the Americas,Yuki Tsunoda,19
Circuit of the Americas,Nicholas Latifi,17
Circuit of the Americas,Daniel Ricciardo,15
Circuit of the Americas,Lando Norris,6
Circuit of the Americas,Carlos Sainz,1
Circuit of the Americas,Charles Leclerc,12
Circuit of the Americas,Fernando Alonso,14
Circuit of the Americas,Esteban Ocon,0
Circuit of the Americas,Lewis Hamilton,3
Circuit of the Americas,George Russell,4
Circuit of the Americas,Sergio Pérez,9
Circuit of the Americas,Max Verstappen,2
Circuit of the Americas,Lance Stroll,5
Circuit of the Americas,Valtteri Bottas,7
Circuit of the Americas,Guanyu Zhou,18
Circuit of the Americas,Kevin Magnussen,13
Circuit of the Americas,Mick Schumacher,16
Circuit of the Americas,Alexander Albon,8
Circuit of the Americas,Pierre Gasly,11
Circuit of the Americas,Sebastian Vettel,10
Autódromo Hermanos Rodríguez,Yuki Tsunoda,13
Autódromo Hermanos Rodríguez,Nicholas Latifi,18
Autódromo Hermanos Rodríguez,Daniel Ricciardo,11
Autódromo Hermanos Rodríguez,Lando Norris,8
Autódromo Hermanos Rodríguez,Carlos Sainz,5
Autódromo Hermanos Rodríguez,Charles Leclerc,7
Autódromo Hermanos Rodríguez,Fernando Alonso,9
Autódromo Hermanos Rodríguez,Esteban Ocon,10
Autódromo Hermanos Rodríguez,Lewis Hamilton,3
Autódromo Hermanos Rodríguez,George Russell,2
Autódromo Hermanos Rodríguez,Sergio Pérez,4
Autódromo Hermanos Rodríguez,Max Verstappen,1
Autódromo Hermanos Rodríguez,Lance Stroll,20
Autódromo Hermanos Rodríguez,Valtteri Bottas,6
Autódromo Hermanos Rodríguez,Guanyu Zhou,12
Autódromo Hermanos Rodríguez,Kevin Magnussen,19
Autódromo Hermanos Rodríguez,Mick Schumacher,15
Autódromo Hermanos Rodríguez,Alexander Albon,17
Autódromo Hermanos Rodríguez,Pierre Gasly,14
Autódromo Hermanos Rodríguez,Sebastian Vettel,16
Autódromo José Carlos Pace,Yuki Tsunoda,0
Autódromo José Carlos Pace,Nicholas Latifi,18
Autódromo José Carlos Pace,Daniel Ricciardo,11
Autódromo José Carlos Pace,Lando Norris,6
Autódromo José Carlos Pace,Carlos Sainz,7
Autódromo José Carlos Pace,Charles Leclerc,5
Autódromo José Carlos Pace,Fernando Alonso,17
Autódromo José Carlos Pace,Esteban Ocon,16
Autódromo José Carlos Pace,Lewis Hamilton,2
Autódromo José Carlos Pace,George Russell,1
Autódromo José Carlos Pace,Sergio Pérez,4
Autódromo José Carlos Pace,Max Verstappen,3
Autódromo José Carlos Pace,Lance Stroll,15
Autódromo José Carlos Pace,Valtteri Bottas,14
Autódromo José Carlos Pace,Guanyu Zhou,13
Autódromo José Carlos Pace,Kevin Magnussen,8
Autódromo José Carlos Pace,Mick Schumacher,12
Autódromo José Carlos Pace,Alexander Albon,19
Autódromo José Carlos Pace,Pierre Gasly,10
Autódromo José Carlos Pace,Sebastian Vettel,9
Yas Marina Circuit,Yuki Tsunoda,11
Yas Marina Circuit,Nicholas Latifi,20
Yas Marina Circuit,Daniel Ricciardo,13
Yas Marina Circuit,Lando Norris,7
Yas Marina Circuit,Carlos Sainz,4
Yas Marina Circuit,Charles Leclerc,3
Yas Marina Circuit,Fernando Alonso,10
Yas Marina Circuit,Esteban Ocon,8
Yas Marina Circuit,Lewis Hamilton,5
Yas Marina Circuit,George Russell,6
Yas Marina Circuit,Sergio Pérez,2
Yas Marina Circuit,Max Verstappen,1
Yas Marina Circuit,Lance Stroll,14
Yas Marina Circuit,Valtteri Bottas,18
Yas Marina Circuit,Guanyu Zhou,15
Yas Marina Circuit,Kevin Magnussen,16
Yas Marina Circuit,Mick Schumacher,12
Yas Marina Circuit,Alexander Albon,19
Yas Marina Circuit,Pierre Gasly,17
Yas Marina Circuit,Sebastian Vettel,9
